sku;qty;min_qty
ACPSM00003;47;2
CMCMGG00023;43;2
CMCMM00205;40;2
CMCMG00361;31;2
ACPSM00009;31;2
CMBLGG00004;26;2
CMCMGG00291;26;2
ACBCG00004;25;2
CMBLG00037;25;2
CMCMM00274;25;2
CMBLG00001;24;2
CMCMG00187;24;2
CMCMG00059;24;2
CMCMP00226;24;2
ACPSM00006;24;2
CMBLG00017;22;2
CMCMP00222;22;2
CMCMP00149;22;2
CMCMGG00140;22;2
CMCMG00312;21;2
CMCMGG00114;21;2
CMCMGG00229;21;2
CMCMM00336;20;2
CMCMGG00017;20;2
CMCMGG00159;20;2
CMMCU00011;20;2
CMBLG00040;19;2
CMBLG00048;19;2
CMCMG00310;19;2
CMCMG00206;19;2
CMCMG00117;19;2
CMCMP00244;19;2
CMCMP00086;19;2
CMCMP00318;19;2
CMCMG00374;19;2
CMCMG00209;18;2
CMCMP00200;18;2
CMCMG00022;17;2
CMCMG00237;17;2
CMCMM00307;17;2
CMCMP00303;17;2
CMCMP00065;17;2
CMCMGG00203;17;2
CMCMGG00305;17;2
ACPTM00031;17;2
CMCMP00314;17;2
CMBLG00052;16;2
CMBLG00039;16;2
CMCMG00222;16;2
CMCMG00362;16;2
CMCMM00021;16;2
CMCMM00062;16;2
CMCMM00355;16;2
CMCMM00236;16;2
CMCMGG00171;16;2
CMCMGG00133;16;2
CMCMGG00225;16;2
CMCMGG00075;16;2
CMCMGG00258;16;2
CMCMGG00199;16;2
CMCMP00315;16;2
CMBLG00025;15;2
CMCMG00200;15;2
CMCMG00391;15;2
CMCMG00062;15;2
CMCMG00282;15;2
CMCMG00292;15;2
CMCMG00306;15;2
CMCMG00138;15;2
CMCMP00171;15;2
CMCMP00122;15;2
CMCMP00129;15;2
CMCMGG00271;15;2
CMCMGG00266;15;2
CMCMGG00296;15;2
CMCMGG00098;15;2
CMCMGG00198;15;2
CMCMPP00013;15;2
CMCMM00366;15;2
CMCMP00317;15;2
CMCMXGG00013;15;2
CMBLG00013;14;2
CMBLG00076;14;2
CMBLGG00002;14;2
CMCMG00301;14;2
CMCMG00311;14;2
CMCMG00313;14;2
CMCMG00273;14;2
CMCMM00092;14;2
CMCMM00175;14;2
CMCMM00306;14;2
CMCMM00376;14;2
CMCMM00288;14;2
CMCMM00059;14;2
CMCMP00250;14;2
CMCMP00021;14;2
CMCMP00112;14;2
CMCMP00252;14;2
CMCMP00062;14;2
CMCMP00193;14;2
CMCMP00118;14;2
CMCMGG00231;14;2
CMCMGG00232;14;2
CMCMGG00233;14;2
CMCMGG00283;14;2
CMCMGG00246;14;2
CMCMGG00207;14;2
CMCMGG00158;14;2
ACPTP00025;14;2
ACBCM00002;13;2
CMBLGG00005;13;2
CMBLGG00009;13;2
CMCMG00055;13;2
CMCMG00199;13;2
CMCMM00201;13;2
CMCMM00359;13;2
CMCMP00282;13;2
CMCMP00285;13;2
CMCMP00037;13;2
CMCMP00228;13;2
CMCMGG00161;13;2
CMCMGG00212;13;2
CMCMGG00272;13;2
CMCMGG00216;13;2
CMCMGG00107;13;2
CMCMGG00118;13;2
CMCMGG00039;13;2
CMCMGG00239;13;2
ACPSM00008;13;2
CMCMGG00306;13;2
CMBLG00074;12;2
CMBLG00055;12;2
CMBLG00047;12;2
CMBLG00038;12;2
CMCMG00201;12;2
CMCMG00354;12;2
CMCMG00115;12;2
CMCMG00216;12;2
CMCMM00390;12;2
CMCMM00121;12;2
CMCMM00091;12;2
CMCMM00383;12;2
CMCMM00215;12;2
CMCMM00348;12;2
CMCMP00012;12;2
CMCMP00292;12;2
CMCMP00286;12;2
CMCMP00207;12;2
CMCMP00298;12;2
CMCMP00209;12;2
CMCMP00059;12;2
CMCMP00189;12;2
CMCMGG00091;12;2
CMCMGG00004;12;2
CMCMGG00085;12;2
CMCMGG00156;12;2
CMCMGG00096;12;2
CMCMGG00278;12;2
CMCMGG00259;12;2
ACPTM00013;12;2
ACBNM00004;12;2
CMCMG00403;12;2
CMCMG00379;12;2
CMCMP00336;12;2
CMCMP00327;12;2
CMCMP00329;12;2
CMCMGG00307;12;2
CMMCU00024;12;2
CMMCU00026;12;2
CMBLG00072;11;2
CMBLG00075;11;2
CMBLG00016;11;2
CMCMG00130;11;2
CMCMG00031;11;2
CMCMG00171;11;2
CMCMG00091;11;2
CMCMG00342;11;2
CMCMG00144;11;2
CMCMG00145;11;2
CMCMG00356;11;2
CMCMG00266;11;2
CMCMG00248;11;2
CMCMG00309;11;2
CMCMM00311;11;2
CMCMM00172;11;2
CMCMM00303;11;2
CMCMM00224;11;2
CMCMM00154;11;2
CMCMM00155;11;2
CMCMM00036;11;2
CMCMM00267;11;2
CMCMM00308;11;2
CMCMP00020;11;2
CMCMP00130;11;2
CMCMP00170;11;2
CMCMP00311;11;2
CMCMP00151;11;2
CMCMP00213;11;2
CMCMP00323;11;2
CMCMP00173;11;2
CMCMP00134;11;2
CMCMP00236;11;2
CMCMP00166;11;2
CMCMP00248;11;2
CMCMP00288;11;2
CMCMGG00220;11;2
CMCMGG00190;11;2
CMCMGG00131;11;2
CMCMGG00122;11;2
CMCMGG00155;11;2
CMCMGG00295;11;2
CMCMGG00206;11;2
CMCMGG00036;11;2
CMCMGG00047;11;2
CMCMGG00057;11;2
CMCMGG00267;11;2
CMCMGG00197;11;2
CMCMGG00238;11;2
CMCMGG00169;11;2
CMMCU00027;11;2
CMCMG00402;11;2
CMCMG00389;11;2
CMCMM00386;11;2
CMCMGG00318;11;2
CMIN4A00009;11;2
CMMCU00031;11;2
CMBLG00010;10;2
CMBLG00081;10;2
CMBLG00002;10;2
CMBLG00022;10;2
CMBLG00019;10;2
CMCMG00281;10;2
CMCMG00092;10;2
CMCMG00303;10;2
CMCMG00253;10;2
CMCMG00063;10;2
CMCMG00304;10;2
CMCMG00154;10;2
CMCMG00184;10;2
CMCMG00106;10;2
CMCMG00017;10;2
CMCMG00137;10;2
CMCMG00367;10;2
CMCMG00238;10;2
CMCMG00148;10;2
CMCMG00378;10;2
CMCMG00079;10;2
CMCMM00301;10;2
CMCMM00132;10;2
CMCMM00084;10;2
CMCMM00016;10;2
CMCMM00197;10;2
CMCMM00029;10;2
CMCMP00110;10;2
CMCMP00031;10;2
CMCMP00123;10;2
CMCMP00153;10;2
CMCMP00283;10;2
CMCMP00084;10;2
CMCMP00155;10;2
CMCMP00306;10;2
CMCMP00016;10;2
CMCMP00017;10;2
CMCMP00167;10;2
CMCMP00229;10;2
CMCMGG00162;10;2
CMCMGG00182;10;2
CMCMGG00124;10;2
CMCMGG00185;10;2
CMCMGG00046;10;2
CMCMGG00208;10;2
CMCMGG00148;10;2
CMCMGG00059;10;2
CMCMPP00012;10;2
CMCMXGG00005;10;2
CMMCU00006;10;2
CMMCU00007;10;2
CMCMG00405;10;2
CMCMM00393;10;2
CMCMM00405;10;2
CMCMM00396;10;2
CMCMP00340;10;2
CMCMP00326;10;2
CMCMGG00320;10;2
CMCMGG00317;10;2
CMIN6A00002;10;2
CMIN6A00003;10;2
CMMCU00025;10;2
CMBLG00032;9;2
CMBLG00042;9;2
CMBLG00069;9;2
CMBLGG00008;9;2
CMCMG00300;9;2
CMCMG00140;9;2
CMCMG00262;9;2
CMCMG00363;9;2
CMCMG00114;9;2
CMCMG00264;9;2
CMCMG00225;9;2
CMCMG00345;9;2
CMCMG00385;9;2
CMCMG00326;9;2
CMCMG00136;9;2
CMCMG00278;9;2
CMCMG00198;9;2
CMCMG00289;9;2
CMCMG00399;9;2
CMCMM00310;9;2
CMCMM00170;9;2
CMCMM00331;9;2
CMCMM00141;9;2
CMCMM00151;9;2
CMCMM00353;9;2
CMCMM00093;9;2
CMCMM00164;9;2
CMCMM00006;9;2
CMCMM00216;9;2
CMCMM00296;9;2
CMCMM00117;9;2
CMCMM00237;9;2
CMCMM00147;9;2
CMCMM00257;9;2
CMCMM00138;9;2
CMCMM00309;9;2
CMCMM00249;9;2
CMCMM00189;9;2
CMCMM00199;9;2
CMCMP00120;9;2
CMCMP00221;9;2
CMCMP00281;9;2
CMCMP00202;9;2
CMCMP00223;9;2
CMCMP00063;9;2
CMCMP00083;9;2
CMCMP00114;9;2
CMCMP00154;9;2
CMCMP00294;9;2
CMCMP00145;9;2
CMCMP00165;9;2
CMCMP00007;9;2
CMCMP00297;9;2
CMCMP00168;9;2
CMCMP00319;9;2
CMCMP00249;9;2
CMCMP00159;9;2
CMCMP00079;9;2
CMCMP00199;9;2
CMCMGG00100;9;2
CMCMGG00230;9;2
CMCMGG00080;9;2
CMCMGG00261;9;2
CMCMGG00281;9;2
CMCMGG00102;9;2
CMCMGG00172;9;2
CMCMGG00003;9;2
CMCMGG00223;9;2
CMCMGG00254;9;2
CMCMGG00274;9;2
CMCMGG00194;9;2
CMCMGG00315;9;2
CMCMGG00016;9;2
CMCMGG00226;9;2
CMCMGG00157;9;2
CMCMGG00097;9;2
CMCMGG00228;9;2
CMCMGG00088;9;2
CMCMGG00129;9;2
CMCMGG00139;9;2
CMCMPP00008;9;2
CMCMXGG00009;9;2
CMCMXGG00011;9;2
CMMCU00010;9;2
CMMCU00014;9;2
ACPTM00030;9;2
ACPTM00064;9;2
CMBLG00067;9;2
CMCMG00370;9;2
CMCMM00394;9;2
CMCMGG00290;9;2
CMCMGG00312;9;2
CMCMGG00319;9;2
CMIN2A00003;9;2
CMIN2A00007;9;2
CMIN8A00010;9;2
CMIN8A00001;9;2
CMIN8A00002;9;2
CMIN8A00003;9;2
CMIN8A00005;9;2
CMMCU00030;9;2
CMMCU00023;9;2
CMMCU00017;9;2
CMMCU00019;9;2
CMMCU00029;9;2
CMBLG00041;8;2
CMBLG00054;8;2
CMBLG00036;8;2
CMBLG00007;8;2
CMBLG00068;8;2
CMCMG00230;8;2
CMCMG00240;8;2
CMCMG00191;8;2
CMCMG00042;8;2
CMCMG00152;8;2
CMCMG00082;8;2
CMCMG00013;8;2
CMCMG00213;8;2
CMCMG00223;8;2
CMCMG00163;8;2
CMCMG00083;8;2
CMCMG00393;8;2
CMCMG00024;8;2
CMCMG00305;8;2
CMCMG00355;8;2
CMCMG00416;8;2
CMCMG00056;8;2
CMCMG00217;8;2
CMCMG00037;8;2
CMCMG00077;8;2
CMCMG00218;8;2
CMCMG00318;8;2
CMCMG00228;8;2
CMCMG00328;8;2
CMCMG00319;8;2
CMCMG00149;8;2
CMCMG00159;8;2
CMCMM00200;8;2
CMCMM00140;8;2
CMCMM00270;8;2
CMCMM00080;8;2
CMCMM00011;8;2
CMCMM00251;8;2
CMCMM00261;8;2
CMCMM00361;8;2
CMCMM00212;8;2
CMCMM00272;8;2
CMCMM00203;8;2
CMCMM00053;8;2
CMCMM00004;8;2
CMCMM00284;8;2
CMCMM00015;8;2
CMCMM00125;8;2
CMCMM00055;8;2
CMCMM00385;8;2
CMCMM00116;8;2
CMCMM00346;8;2
CMCMM00166;8;2
CMCMM00096;8;2
CMCMM00337;8;2
CMCMM00108;8;2
CMCMM00118;8;2
CMCMM00338;8;2
CMCMM00239;8;2
CMCMM00369;8;2
CMCMP00030;8;2
CMCMP00160;8;2
CMCMP00011;8;2
CMCMP00211;8;2
CMCMP00191;8;2
CMCMP00291;8;2
CMCMP00152;8;2
CMCMP00033;8;2
CMCMP00293;8;2
CMCMP00214;8;2
CMCMP00085;8;2
CMCMP00096;8;2
CMCMP00198;8;2
CMCMGG00210;8;2
CMCMGG00150;8;2
CMCMGG00170;8;2
CMCMGG00221;8;2
CMCMGG00142;8;2
CMCMGG00082;8;2
CMCMGG00282;8;2
CMCMGG00092;8;2
CMCMGG00013;8;2
CMCMGG00143;8;2
CMCMGG00104;8;2
CMCMGG00314;8;2
CMCMGG00224;8;2
CMCMGG00144;8;2
CMCMGG00164;8;2
CMCMGG00265;8;2
CMCMGG00186;8;2
CMCMGG00328;8;2
CMCMGG00188;8;2
CMCMGG00219;8;2
CMCMGG00279;8;2
CMCMXGG00012;8;2
CMCMXGG00022;8;2
CMMCU00012;8;2
CMMCU00004;8;2
CMMCU00009;8;2
ACPTM00002;8;2
ACPTM00072;8;2
ACPTM00044;8;2
ACPTM00046;8;2
ACPTM00008;8;2
ACPTM00038;8;2
ACPTP00022;8;2
ACPTP00009;8;2
ACBNM00012;8;2
ACBNM00033;8;2
CMBLG00086;8;2
CMCMG00372;8;2
CMCMM00375;8;2
CMCMP00320;8;2
CMCMP00334;8;2
CMCMP00325;8;2
CMCMP00328;8;2
CMCMXGG00037;8;2
CMCMXGG00038;8;2
CMBLG00020;7;2
CMBLG00030;7;2
CMBLG00021;7;2
CMBLG00051;7;2
CMBLG00053;7;2
CMBLG00009;7;2
CMBLGG00006;7;2
CMCMG00080;7;2
CMCMG00221;7;2
CMCMG00081;7;2
CMCMG00012;7;2
CMCMG00113;7;2
CMCMG00053;7;2
CMCMG00283;7;2
CMCMG00244;7;2
CMCMG00344;7;2
CMCMG00254;7;2
CMCMG00174;7;2
CMCMG00125;7;2
CMCMG00065;7;2
CMCMG00016;7;2
CMCMG00116;7;2
CMCMG00316;7;2
CMCMG00026;7;2
CMCMG00366;7;2
CMCMG00267;7;2
CMCMG00377;7;2
CMCMG00158;7;2
CMCMG00168;7;2
CMCMG00268;7;2
CMCMG00249;7;2
CMCMG00169;7;2
CMCMM00300;7;2
CMCMM00010;7;2
CMCMM00110;7;2
CMCMM00020;7;2
CMCMM00350;7;2
CMCMM00370;7;2
CMCMM00290;7;2
CMCMM00221;7;2
CMCMM00341;7;2
CMCMM00012;7;2
CMCMM00122;7;2
CMCMM00322;7;2
CMCMM00242;7;2
CMCMM00082;7;2
CMCMM00023;7;2
CMCMM00323;7;2
CMCMM00143;7;2
CMCMM00073;7;2
CMCMM00244;7;2
CMCMM00315;7;2
CMCMM00165;7;2
CMCMM00206;7;2
CMCMM00226;7;2
CMCMM00286;7;2
CMCMM00247;7;2
CMCMM00277;7;2
CMCMM00097;7;2
CMCMM00328;7;2
CMCMM00248;7;2
CMCMM00268;7;2
CMCMM00278;7;2
CMCMM00009;7;2
CMCMM00209;7;2
CMCMM00149;7;2
CMCMM00349;7;2
CMCMM00099;7;2
CMCMP00230;7;2
CMCMP00121;7;2
CMCMP00161;7;2
CMCMP00081;7;2
CMCMP00142;7;2
CMCMP00203;7;2
CMCMP00233;7;2
CMCMP00093;7;2
CMCMP00144;7;2
CMCMP00164;7;2
CMCMP00174;7;2
CMCMP00305;7;2
CMCMP00215;7;2
CMCMP00055;7;2
CMCMP00095;7;2
CMCMP00157;7;2
CMCMP00028;7;2
CMCMP00188;7;2
CMCMP00029;7;2
CMCMGG00040;7;2
CMCMGG00050;7;2
CMCMGG00260;7;2
CMCMGG00311;7;2
CMCMGG00041;7;2
CMCMGG00151;7;2
CMCMGG00071;7;2
CMCMGG00191;7;2
CMCMGG00152;7;2
CMCMGG00303;7;2
CMCMGG00063;7;2
CMCMGG00173;7;2
CMCMGG00284;7;2
CMCMGG00235;7;2
CMCMGG00175;7;2
CMCMGG00195;7;2
CMCMGG00147;7;2
CMCMGG00087;7;2
CMCMGG00187;7;2
CMCMGG00008;7;2
CMCMGG00248;7;2
CMCMXGG00007;7;2
CMCMXGG00019;7;2
CMCMXGG00028;7;2
CMCMXGG00034;7;2
ACPTM00021;7;2
ACPTM00032;7;2
ACPTM00052;7;2
ACPTM00014;7;2
ACPTM00019;7;2
ACPTP00015;7;2
ACPTP00019;7;2
CMCMG00382;7;2
CMCMG00373;7;2
CMCMG00404;7;2
CMCMG00419;7;2
CMCMM00381;7;2
CMCMM00395;7;2
CMCMM00409;7;2
CMCMGG00273;7;2
CMCMGG00286;7;2
CMCMGG00287;7;2
CMCMGG00289;7;2
CMCMXGG00027;7;2
CMCMXGG00042;7;2
CMIN2A00011;7;2
CMIN2A00004;7;2
CMIN4A00003;7;2
CMIN4A00005;7;2
CMIN4A00006;7;2
CMIN6A00001;7;2
CMMCU00003;7;2
CMMCU00016;7;2
CMMCU00018;7;2
ACPTP00028;7;2
ACPTP00038;7;2
CMBLG00011;6;2
CMBLG00006;6;2
CMBLG00027;6;2
CMBLG00077;6;2
CMBLG00049;6;2
CMBLG00079;6;2
CMBLGG00007;6;2
CMCMG00340;6;2
CMCMG00150;6;2
CMCMG00160;6;2
CMCMG00161;6;2
CMCMG00271;6;2
CMCMG00364;6;2
CMCMG00094;6;2
CMCMG00005;6;2
CMCMG00415;6;2
CMCMG00325;6;2
CMCMG00235;6;2
CMCMG00155;6;2
CMCMG00365;6;2
CMCMG00395;6;2
CMCMG00246;6;2
CMCMG00207;6;2
CMCMG00227;6;2
CMCMG00327;6;2
CMCMG00057;6;2
CMCMG00257;6;2
CMCMG00177;6;2
CMCMG00208;6;2
CMCMG00308;6;2
CMCMG00358;6;2
CMCMG00088;6;2
CMCMG00119;6;2
CMCMG00029;6;2
CMCMG00239;6;2
CMCMG00339;6;2
CMCMG00369;6;2
CMCMG00279;6;2
CMCMG00089;6;2
CMCMM00120;6;2
CMCMM00260;6;2
CMCMM00360;6;2
CMCMM00351;6;2
CMCMM00161;6;2
CMCMM00313;6;2
CMCMM00263;6;2
CMCMM00255;6;2
CMCMM00065;6;2
CMCMM00295;6;2
CMCMM00256;6;2
CMCMM00186;6;2
CMCMM00227;6;2
CMCMM00357;6;2
CMCMM00028;6;2
CMCMM00128;6;2
CMCMM00238;6;2
CMCMM00178;6;2
CMCMM00388;6;2
CMCMM00298;6;2
CMCMM00039;6;2
CMCMM00139;6;2
CMCMM00159;6;2
CMCMM00259;6;2
CMCMM00179;6;2
CMCMP00210;6;2
CMCMP00040;6;2
CMCMP00180;6;2
CMCMP00321;6;2
CMCMP00231;6;2
CMCMP00141;6;2
CMCMP00091;6;2
CMCMP00322;6;2
CMCMP00092;6;2
CMCMP00192;6;2
CMCMP00013;6;2
CMCMP00023;6;2
CMCMP00053;6;2
CMCMP00163;6;2
CMCMP00073;6;2
CMCMP00034;6;2
CMCMP00295;6;2
CMCMP00216;6;2
CMCMP00056;6;2
CMCMP00176;6;2
CMCMP00186;6;2
CMCMP00217;6;2
CMCMP00197;6;2
CMCMP00038;6;2
CMCMP00178;6;2
CMCMGG00240;6;2
CMCMGG00211;6;2
CMCMGG00121;6;2
CMCMGG00141;6;2
CMCMGG00012;6;2
CMCMGG00213;6;2
CMCMGG00313;6;2
CMCMGG00043;6;2
CMCMGG00153;6;2
CMCMGG00163;6;2
CMCMGG00204;6;2
CMCMGG00084;6;2
CMCMGG00145;6;2
CMCMGG00065;6;2
CMCMGG00285;6;2
CMCMGG00095;6;2
CMCMGG00136;6;2
CMCMGG00117;6;2
CMCMGG00237;6;2
CMCMGG00067;6;2
CMCMGG00167;6;2
CMCMGG00128;6;2
CMCMGG00009;6;2
CMCMGG00079;6;2
CMCMGG00089;6;2
CMCMPP00010;6;2
CMCMPP00007;6;2
CMCMXGG00006;6;2
CMCMXGG00048;6;2
CMMCU00013;6;2
CMMCU00008;6;2
ACPSM00002;6;2
ACPTM00051;6;2
ACPTM00053;6;2
ACPTM00058;6;2
ACPTM00059;6;2
ACPTP00005;6;2
ACBNM00016;6;2
CMCMG00371;6;2
CMCMG00381;6;2
CMCMM00372;6;2
CMCMM00363;6;2
CMCMM00364;6;2
CMCMM00374;6;2
CMCMGG00327;6;2
CMCMGG00288;6;2
CMCMXGG00015;6;2
CMCMXGG00036;6;2
CMIN2A00005;6;2
CMIN2A00006;6;2
CMIN2A00008;6;2
CMIN2A00009;6;2
CMIN4A00011;6;2
CMIN4A00002;6;2
CMIN8A00006;6;2
ACPTP00041;6;2
ACPTP00029;6;2
CMBLG00031;5;2
CMBLG00084;5;2
CMBLG00056;5;2
CMBLGG00010;5;2
ACCTG00004;5;2
CMCMG00040;5;2
CMCMG00250;5;2
CMCMG00190;5;2
CMCMG00290;5;2
CMCMG00021;5;2
CMCMG00151;5;2
CMCMG00261;5;2
CMCMG00252;5;2
CMCMG00192;5;2
CMCMG00353;5;2
CMCMG00034;5;2
CMCMG00334;5;2
CMCMG00146;5;2
CMCMG00007;5;2
CMCMG00317;5;2
CMCMG00157;5;2
CMCMG00258;5;2
CMCMG00398;5;2
CMCMG00109;5;2
CMCMG00219;5;2
CMCMM00210;5;2
CMCMM00220;5;2
CMCMM00030;5;2
CMCMM00150;5;2
CMCMM00171;5;2
CMCMM00281;5;2
CMCMM00152;5;2
CMCMM00162;5;2
CMCMM00063;5;2
CMCMM00283;5;2
CMCMM00144;5;2
CMCMM00354;5;2
CMCMM00174;5;2
CMCMM00294;5;2
CMCMM00325;5;2
CMCMM00265;5;2
CMCMM00406;5;2
CMCMM00316;5;2
CMCMM00056;5;2
CMCMM00356;5;2
CMCMM00158;5;2
CMCMM00168;5;2
CMCMM00078;5;2
CMCMM00299;5;2
CMCMP00150;5;2
CMCMP00201;5;2
CMCMP00312;5;2
CMCMP00242;5;2
CMCMP00204;5;2
CMCMP00184;5;2
CMCMP00025;5;2
CMCMP00296;5;2
CMCMP00227;5;2
CMCMP00057;5;2
CMCMP00148;5;2
CMCMP00219;5;2
CMCMGG00010;5;2
CMCMGG00180;5;2
CMCMGG00280;5;2
CMCMGG00192;5;2
CMCMGG00103;5;2
CMCMGG00304;5;2
CMCMGG00064;5;2
CMCMGG00205;5;2
CMCMGG00275;5;2
CMCMGG00027;5;2
CMCMGG00227;5;2
CMCMGG00137;5;2
CMCMGG00268;5;2
CMCMGG00309;5;2
CMCMGG00249;5;2
CMCMGG00189;5;2
CMCMXGG00010;5;2
CMCMXGG00016;5;2
CMCMXGG00024;5;2
CMMCU00005;5;2
ACPTM00043;5;2
ACPTM00034;5;2
ACPTM00025;5;2
ACPTM00036;5;2
ACPTM00017;5;2
ACBNM00020;5;2
ACBNM00031;5;2
ACBNM00014;5;2
ACBNM00005;5;2
ACBNM00008;5;2
CMBYGG00007;5;2
CMCMG00390;5;2
CMCMG00401;5;2
CMCMG00394;5;2
CMCMG00388;5;2
CMCMGG00331;5;2
CMCMGG00316;5;2
CMCMGG00299;5;2
CMCMXGG00014;5;2
CMIN2A00010;5;2
CMIN4A00010;5;2
CMIN6A00011;5;2
CMIN8A00012;5;2
CMIN8A00004;5;2
CMIN8A00007;5;2
CMMCU00032;5;2
CMMCU00015;5;2
ACPTP00042;5;2
CMBLG00005;4;2
CMBLG00046;4;2
CMBLG00008;4;2
CMBLG00028;4;2
CMCMG00400;4;2
CMCMG00260;4;2
CMCMG00331;4;2
CMCMG00251;4;2
CMCMG00071;4;2
CMCMG00291;4;2
CMCMG00142;4;2
CMCMG00162;4;2
CMCMG00233;4;2
CMCMG00183;4;2
CMCMG00214;4;2
CMCMG00124;4;2
CMCMG00224;4;2
CMCMG00324;4;2
CMCMG00064;4;2
CMCMG00284;4;2
CMCMG00194;4;2
CMCMG00205;4;2
CMCMG00255;4;2
CMCMG00265;4;2
CMCMG00295;4;2
CMCMG00226;4;2
CMCMG00296;4;2
CMCMG00247;4;2
CMCMG00167;4;2
CMCMG00277;4;2
CMCMG00097;4;2
CMCMG00038;4;2
CMCMG00298;4;2
CMCMG00349;4;2
CMCMM00401;4;2
CMCMM00321;4;2
CMCMM00041;4;2
CMCMM00081;4;2
CMCMM00282;4;2
CMCMM00163;4;2
CMCMM00193;4;2
CMCMM00314;4;2
CMCMM00234;4;2
CMCMM00344;4;2
CMCMM00254;4;2
CMCMM00074;4;2
CMCMM00384;4;2
CMCMM00305;4;2
CMCMM00025;4;2
CMCMM00235;4;2
CMCMM00245;4;2
CMCMM00185;4;2
CMCMM00146;4;2
CMCMM00207;4;2
CMCMM00167;4;2
CMCMM00297;4;2
CMCMM00208;4;2
CMCMM00358;4;2
CMCMP00100;4;2
CMCMP00010;4;2
CMCMP00241;4;2
CMCMP00342;4;2
CMCMP00333;4;2
CMCMP00243;4;2
CMCMP00343;4;2
CMCMP00253;4;2
CMCMP00183;4;2
CMCMP00004;4;2
CMCMP00245;4;2
CMCMP00206;4;2
CMCMP00066;4;2
CMCMP00307;4;2
CMCMP00237;4;2
CMCMP00177;4;2
CMCMP00218;4;2
CMCMP00169;4;2
CMCMP00299;4;2
CMCMGG00070;4;2
CMCMGG00270;4;2
CMCMGG00101;4;2
CMCMGG00111;4;2
CMCMGG00181;4;2
CMCMGG00112;4;2
CMCMGG00222;4;2
CMCMGG00253;4;2
CMCMGG00193;4;2
CMCMGG00293;4;2
CMCMGG00134;4;2
CMCMGG00094;4;2
CMCMGG00294;4;2
CMCMGG00105;4;2
CMCMGG00215;4;2
CMCMGG00135;4;2
CMCMGG00245;4;2
CMCMGG00236;4;2
CMCMGG00028;4;2
CMCMGG00138;4;2
CMCMGG00069;4;2
CMCMGG00179;4;2
CMCMGG00099;4;2
CMCMPP00002;4;2
CMCMXGG00021;4;2
CMCMXGG00029;4;2
ACPSM00005;4;2
ACPTM00010;4;2
ACPTM00023;4;2
ACPTM00024;4;2
ACPTM00016;4;2
ACBNM00010;4;2
ACBNM00001;4;2
ACBNM00013;4;2
ACBNM00023;4;2
CMBYGG00012;4;2
CMCMG00412;4;2
CMCMG00383;4;2
CMCMM00400;4;2
CMCMM00392;4;2
CMCMP00330;4;2
CMCMP00316;4;2
CMCMP00308;4;2
CMCMP00338;4;2
CMCMGG00300;4;2
CMCMGG00330;4;2
CMCMGG00325;4;2
CMCMGG00297;4;2
CMCMXGG00026;4;2
CMCMXGG00046;4;2
CMCMXGG00047;4;2
CMIN4A00001;4;2
CMIN6A00004;4;2
CMIN6A00005;4;2
CMIN6A00006;4;2
CMIN6A00007;4;2
CMMCU00020;4;2
CMMCU00001;4;2
CMMCU00021;4;2
CMMCU00002;4;2
CMBLG00080;3;2
CMBLG00012;3;2
CMBLG00082;3;2
CMBLG00003;3;2
CMBLG00024;3;2
CMBLG00044;3;2
CMBLG00029;3;2
CMBLGG00014;3;2
CMCMG00280;3;2
CMCMG00421;3;2
CMCMG00131;3;2
CMCMG00141;3;2
CMCMG00241;3;2
CMCMG00351;3;2
CMCMG00122;3;2
CMCMG00072;3;2
CMCMG00073;3;2
CMCMG00173;3;2
CMCMG00384;3;2
CMCMG00294;3;2
CMCMG00105;3;2
CMCMG00195;3;2
CMCMG00256;3;2
CMCMG00286;3;2
CMCMG00096;3;2
CMCMG00197;3;2
CMCMG00297;3;2
CMCMG00178;3;2
CMCMM00410;3;2
CMCMM00240;3;2
CMCMM00340;3;2
CMCMM00250;3;2
CMCMM00111;3;2
CMCMM00411;3;2
CMCMM00391;3;2
CMCMM00032;3;2
CMCMM00252;3;2
CMCMM00182;3;2
CMCMM00292;3;2
CMCMM00213;3;2
CMCMM00083;3;2
CMCMM00194;3;2
CMCMM00135;3;2
CMCMM00285;3;2
CMCMM00095;3;2
CMCMM00037;3;2
CMCMM00367;3;2
CMCMM00377;3;2
CMCMM00187;3;2
CMCMM00287;3;2
CMCMM00387;3;2
CMCMM00378;3;2
CMCMM00119;3;2
CMCMM00279;3;2
CMCMP00240;3;2
CMCMP00162;3;2
CMCMP00304;3;2
CMCMP00224;3;2
CMCMP00324;3;2
CMCMP00179;3;2
CMCMGG00241;3;2
CMCMGG00123;3;2
CMCMGG00333;3;2
CMCMGG00183;3;2
CMCMGG00024;3;2
CMCMGG00234;3;2
CMCMGG00106;3;2
CMCMGG00116;3;2
CMCMGG00276;3;2
CMCMGG00037;3;2
CMCMGG00108;3;2
CMCMGG00168;3;2
CMCMGG00149;3;2
CMCMXGG00001;3;2
CMCMXGG00008;3;2
CMCMXGG00032;3;2
CMCMXGG00049;3;2
CMIN2A00001;3;2
ACPTM00003;3;2
ACPTM00045;3;2
ACPTM00065;3;2
ACPTM00037;3;2
ACPTM00047;3;2
ACPTM00069;3;2
ACBNM00030;3;2
ACBNM00022;3;2
ACBNM00024;3;2
ACBNM00025;3;2
CMBLG00065;3;2
CMCMG00413;3;2
CMCMM00371;3;2
CMCMM00402;3;2
CMCMM00362;3;2
CMCMM00403;3;2
CMCMM00373;3;2
CMCMM00365;3;2
CMCMM00266;3;2
CMCMP00300;3;2
CMCMP00310;3;2
CMCMP00309;3;2
CMCMP00339;3;2
CMCMXGG00025;3;2
CMCMXGG00043;3;2
CMIN2A00002;3;2
CMIN4A00008;3;2
CMIN6A00010;3;2
CMIN6A00008;3;2
CMIN6A00009;3;2
CMMCU00036;3;2
CMMCU00039;3;2
ACPTP00027;3;2
ACBCG00003;2;2
CMBLG00023;2;2
CMBLG00004;2;2
CMBLG00026;2;2
CMBLG00059;2;2
CMCMG00210;2;2
CMCMG00330;2;2
CMCMG00011;2;2
CMCMG00211;2;2
CMCMG00411;2;2
CMCMG00181;2;2
CMCMG00172;2;2
CMCMG00392;2;2
CMCMG00234;2;2
CMCMG00165;2;2
CMCMG00375;2;2
CMCMG00185;2;2
CMCMG00236;2;2
CMCMG00276;2;2
CMCMG00186;2;2
CMCMG00357;2;2
CMCMG00288;2;2
CMCMG00359;2;2
CMCMG00269;2;2
CMCMM00160;2;2
CMCMM00180;2;2
CMCMM00280;2;2
CMCMM00071;2;2
CMCMM00291;2;2
CMCMM00112;2;2
CMCMM00253;2;2
CMCMM00183;2;2
CMCMM00225;2;2
CMCMM00156;2;2
CMCMM00176;2;2
CMCMM00086;2;2
CMCMM00196;2;2
CMCMM00157;2;2
CMCMM00218;2;2
CMCMM00258;2;2
CMCMM00269;2;2
CMCMP00220;2;2
CMCMP00071;2;2
CMCMP00212;2;2
CMCMP00042;2;2
CMCMP00082;2;2
CMCMP00075;2;2
CMCMP00287;2;2
CMCMP00208;2;2
CMCMP00128;2;2
CMCMP00069;2;2
CMCMGG00200;2;2
CMCMGG00110;2;2
CMCMGG00310;2;2
CMCMGG00120;2;2
CMCMGG00202;2;2
CMCMGG00332;2;2
CMCMGG00243;2;2
CMCMGG00334;2;2
CMCMGG00115;2;2
CMCMGG00217;2;2
CMCMGG00247;2;2
CMCMGG00277;2;2
CMCMGG00209;2;2
CMCMXGG00004;2;2
CMCMXGG00020;2;2
ACPTM00042;2;2
ACPTM00035;2;2
ACBNM00007;2;2
ACBNM00027;2;2
ACBNM00028;2;2
ACBNM00029;2;2
CMBYGG00003;2;2
CMCMG00406;2;2
CMCMM00380;2;2
CMCMM00412;2;2
CMCMM00408;2;2
CMCMP00313;2;2
CMCMP00344;2;2
CMCMGG00301;2;2
CMCMGG00326;2;2
CMCMGG00298;2;2
CMCMGG00329;2;2
CMIN4A00007;2;2
CMIN8A00011;2;2
CMMCU00022;2;2
CMMCU00035;2;2
CMBLG00033;1;2
CMBLG00034;1;2
CMBLG00035;1;2
CMBLG00057;1;2
CMBLGG00001;1;2
CMBLGG00012;1;2
CMCMG00010;1;2
CMCMG00420;1;2
CMCMG00180;1;2
CMCMG00352;1;2
CMCMG00272;1;2
CMCMG00133;1;2
CMCMG00153;1;2
CMCMG00293;1;2
CMCMG00314;1;2
CMCMG00424;1;2
CMCMG00274;1;2
CMCMG00156;1;2
CMCMG00066;1;2
CMCMG00396;1;2
CMCMG00287;1;2
CMCMG00368;1;2
CMCMG00329;1;2
CMCMM00320;1;2
CMCMM00271;1;2
CMCMM00202;1;2
CMCMM00232;1;2
CMCMM00352;1;2
CMCMM00343;1;2
CMCMM00293;1;2
CMCMM00204;1;2
CMCMM00334;1;2
CMCMM00276;1;2
CMCMM00318;1;2
CMCMM00368;1;2
CMCMM00319;1;2
CMCMM00169;1;2
CMCMM00289;1;2
CMCMM00389;1;2
CMCMP00205;1;2
CMCMP00225;1;2
CMCMP00137;1;2
CMCMP00289;1;2
CMCMGG00201;1;2
CMCMGG00011;1;2
CMCMGG00302;1;2
CMCMGG00214;1;2
CMCMGG00244;1;2
CMCMGG00174;1;2
CMCMGG00184;1;2
CMCMGG00086;1;2
CMCMXGG00002;1;2
CMCMXGG00003;1;2
ACBNM00002;1;2
ACBNM00003;1;2
ACBNM00015;1;2
ACBNM00017;1;2
ACBNM00009;1;2
CMBLG00083;1;2
CMBYGG00010;1;2
CMCMG00380;1;2
CMCMG00417;1;2
CMCMG00409;1;2
CMCMM00407;1;2
CMCMP00332;1;2
CMIN4A00004;1;2
CMIN8A00009;1;2
CMMCU00038;1;2
ACALG00010;0;2
ACALG00020;0;2
ACALG00030;0;2
ACALG00040;0;2
ACALG00050;0;2
ACALG00060;0;2
ACALG00070;0;2
ACALG00080;0;2
ACALG00001;0;2
ACALG00011;0;2
ACALG00021;0;2
ACALG00031;0;2
ACALG00041;0;2
ACALG00051;0;2
ACALG00061;0;2
ACALG00071;0;2
ACALG00081;0;2
ACALG00002;0;2
ACALG00012;0;2
ACALG00022;0;2
ACALG00032;0;2
ACALG00042;0;2
ACALG00052;0;2
ACALG00062;0;2
ACALG00072;0;2
ACALG00082;0;2
ACALG00003;0;2
ACALG00013;0;2
ACALG00023;0;2
ACALG00033;0;2
ACALG00043;0;2
ACALG00053;0;2
ACALG00063;0;2
ACALG00073;0;2
ACALG00004;0;2
ACALG00014;0;2
ACALG00024;0;2
ACALG00034;0;2
ACALG00044;0;2
ACALG00054;0;2
ACALG00064;0;2
ACALG00074;0;2
ACALG00005;0;2
ACALG00015;0;2
ACALG00025;0;2
ACALG00035;0;2
ACALG00045;0;2
ACALG00055;0;2
ACALG00065;0;2
ACALG00075;0;2
ACALG00006;0;2
ACALG00016;0;2
ACALG00026;0;2
ACALG00036;0;2
ACALG00046;0;2
ACALG00056;0;2
ACALG00066;0;2
ACALG00076;0;2
ACALG00007;0;2
ACALG00017;0;2
ACALG00027;0;2
ACALG00037;0;2
ACALG00047;0;2
ACALG00057;0;2
ACALG00067;0;2
ACALG00077;0;2
ACALG00008;0;2
ACALG00018;0;2
ACALG00028;0;2
ACALG00038;0;2
ACALG00048;0;2
ACALG00058;0;2
ACALG00068;0;2
ACALG00078;0;2
ACALG00009;0;2
ACALG00019;0;2
ACALG00029;0;2
ACALG00039;0;2
ACALG00049;0;2
ACALG00059;0;2
ACALG00069;0;2
ACALG00079;0;2
ACADM00001;0;2
ACALM00010;0;2
ACALM00020;0;2
ACALM00001;0;2
ACALM00011;0;2
ACALM00021;0;2
ACALM00002;0;2
ACALM00012;0;2
ACALM00022;0;2
ACALM00003;0;2
ACALM00013;0;2
ACALM00004;0;2
ACALM00014;0;2
ACALM00005;0;2
ACALM00015;0;2
ACALM00006;0;2
ACALM00016;0;2
ACALM00007;0;2
ACALM00017;0;2
ACALM00008;0;2
ACALM00018;0;2
ACALM00009;0;2
ACALM00019;0;2
ACANM00001;0;2
ACBCG00001;0;2
ACBCG00002;0;2
ACBCM00001;0;2
ACBDM00001;0;2
ACBTM00001;0;2
ACBCP00001;0;2
ACBCP00002;0;2
ACBCP00003;0;2
CMBLG00060;0;2
CMBLG00070;0;2
CMBLG00061;0;2
CMBLG00071;0;2
CMBLG00062;0;2
CMBLG00043;0;2
CMBLG00063;0;2
CMBLG00073;0;2
CMBLG00014;0;2
CMBLG00015;0;2
CMBLG00045;0;2
CMBLG00085;0;2
CMBLG00018;0;2
CMBLG00058;0;2
CMBLG00078;0;2
CMBLGG00003;0;2
CMBLGG00013;0;2
ACCDG00001;0;2
ACCOG00001;0;2
ACCOG00002;0;2
ACCTG00001;0;2
ACCTG00002;0;2
ACCTG00003;0;2
ACCTG00005;0;2
ACCDP00001;0;2
ACCNU00020;0;2
ACCNU00030;0;2
ACCNU00011;0;2
ACCNU00021;0;2
ACCNU00031;0;2
ACCNU00012;0;2
ACCNU00022;0;2
ACCNU00032;0;2
ACCNU00013;0;2
ACCNU00023;0;2
ACCNU00033;0;2
ACCNU00014;0;2
ACCNU00024;0;2
ACCNU00034;0;2
ACCNU00015;0;2
ACCNU00025;0;2
ACCNU00035;0;2
ACCNU00016;0;2
ACCNU00026;0;2
ACCNU00036;0;2
ACCNU00007;0;2
ACCNU00017;0;2
ACCNU00027;0;2
ACCNU00008;0;2
ACCNU00018;0;2
ACCNU00028;0;2
ACCNU00009;0;2
ACCNU00019;0;2
ACCNU00029;0;2
CMCMG00220;0;2
CMCMG00320;0;2
CMCMG00350;0;2
CMCMG00360;0;2
CMCMG00170;0;2
CMCMG00270;0;2
CMCMG00090;0;2
CMCMG00341;0;2
CMCMG00302;0;2
CMCMG00212;0;2
CMCMG00422;0;2
CMCMG00332;0;2
CMCMG00052;0;2
CMCMG00182;0;2
CMCMG00103;0;2
CMCMG00123;0;2
CMCMG00333;0;2
CMCMG00143;0;2
CMCMG00243;0;2
CMCMG00343;0;2
CMCMG00263;0;2
CMCMG00193;0;2
CMCMG00164;0;2
CMCMG00015;0;2
CMCMG00335;0;2
CMCMG00245;0;2
CMCMG00075;0;2
CMCMG00175;0;2
CMCMG00275;0;2
CMCMG00336;0;2
CMCMG00166;0;2
CMCMG00076;0;2
CMCMG00176;0;2
CMCMG00376;0;2
CMCMG00386;0;2
CMCMG00307;0;2
CMCMG00407;0;2
CMCMG00337;0;2
CMCMG00047;0;2
CMCMG00147;0;2
CMCMG00387;0;2
CMCMG00408;0;2
CMCMG00338;0;2
CMCMG00068;0;2
CMCMG00078;0;2
CMCMG00188;0;2
CMCMG00229;0;2
CMCMG00139;0;2
CMCMG00259;0;2
CMCMG00069;0;2
CMCMG00179;0;2
CMCMG00299;0;2
CMCMM00330;0;2
CMCMM00190;0;2
CMCMM00211;0;2
CMCMM00241;0;2
CMCMM00181;0;2
CMCMM00191;0;2
CMCMM00302;0;2
CMCMM00312;0;2
CMCMM00222;0;2
CMCMM00332;0;2
CMCMM00042;0;2
CMCMM00142;0;2
CMCMM00342;0;2
CMCMM00052;0;2
CMCMM00262;0;2
CMCMM00192;0;2
CMCMM00103;0;2
CMCMM00223;0;2
CMCMM00033;0;2
CMCMM00133;0;2
CMCMM00333;0;2
CMCMM00243;0;2
CMCMM00153;0;2
CMCMM00173;0;2
CMCMM00273;0;2
CMCMM00304;0;2
CMCMM00014;0;2
CMCMM00214;0;2
CMCMM00064;0;2
CMCMM00264;0;2
CMCMM00184;0;2
CMCMM00094;0;2
CMCMM00105;0;2
CMCMM00335;0;2
CMCMM00045;0;2
CMCMM00145;0;2
CMCMM00345;0;2
CMCMM00275;0;2
CMCMM00195;0;2
CMCMM00126;0;2
CMCMM00046;0;2
CMCMM00066;0;2
CMCMM00076;0;2
CMCMM00107;0;2
CMCMM00217;0;2
CMCMM00317;0;2
CMCMM00327;0;2
CMCMM00347;0;2
CMCMM00077;0;2
CMCMM00228;0;2
CMCMM00048;0;2
CMCMM00148;0;2
CMCMM00068;0;2
CMCMM00188;0;2
CMCMM00109;0;2
CMCMM00219;0;2
CMCMM00229;0;2
CMCMM00329;0;2
CMCMM00339;0;2
CMCMM00069;0;2
CMCMM00079;0;2
CMCMM00379;0;2
CMCMM00399;0;2
CMCHP00001;0;2
CMCMP00260;0;2
CMCMP00270;0;2
CMCMP00080;0;2
CMCMP00280;0;2
CMCMP00190;0;2
CMCMP00290;0;2
CMCMP00301;0;2
CMCMP00331;0;2
CMCMP00261;0;2
CMCMP00271;0;2
CMCMP00302;0;2
CMCMP00232;0;2
CMCMP00052;0;2
CMCMP00262;0;2
CMCMP00172;0;2
CMCMP00272;0;2
CMCMP00182;0;2
CMCMP00113;0;2
CMCMP00133;0;2
CMCMP00143;0;2
CMCMP00263;0;2
CMCMP00273;0;2
CMCMP00124;0;2
CMCMP00254;0;2
CMCMP00064;0;2
CMCMP00264;0;2
CMCMP00274;0;2
CMCMP00284;0;2
CMCMP00094;0;2
CMCMP00015;0;2
CMCMP00135;0;2
CMCMP00235;0;2
CMCMP00255;0;2
CMCMP00265;0;2
CMCMP00275;0;2
CMCMP00185;0;2
CMCMP00136;0;2
CMCMP00146;0;2
CMCMP00256;0;2
CMCMP00266;0;2
CMCMP00196;0;2
CMCMP00107;0;2
CMCMP00127;0;2
CMCMP00337;0;2
CMCMP00047;0;2
CMCMP00147;0;2
CMCMP00257;0;2
CMCMP00267;0;2
CMCMP00077;0;2
CMCMP00277;0;2
CMCMP00187;0;2
CMCMP00108;0;2
CMCMP00238;0;2
CMCMP00158;0;2
CMCMP00258;0;2
CMCMP00268;0;2
CMCMP00078;0;2
CMCMP00278;0;2
CMCMP00109;0;2
CMCMP00119;0;2
CMCMP00239;0;2
CMCMP00259;0;2
CMCMP00269;0;2
CMCMP00279;0;2
CMCMGG00020;0;2
CMCMGG00130;0;2
CMCMGG00250;0;2
CMCMGG00160;0;2
CMCMGG00090;0;2
CMCMGG00051;0;2
CMCMGG00081;0;2
CMCMGG00322;0;2
CMCMGG00042;0;2
CMCMGG00252;0;2
CMCMGG00072;0;2
CMCMGG00292;0;2
CMCMGG00323;0;2
CMCMGG00263;0;2
CMCMGG00083;0;2
CMCMGG00044;0;2
CMCMGG00154;0;2
CMCMGG00264;0;2
CMCMGG00125;0;2
CMCMGG00045;0;2
CMCMGG00055;0;2
CMCMGG00255;0;2
CMCMGG00126;0;2
CMCMGG00256;0;2
CMCMGG00066;0;2
CMCMGG00196;0;2
CMCMGG00127;0;2
CMCMGG00218;0;2
CMCMGG00048;0;2
CMCMGG00178;0;2
CMCMGG00109;0;2
CMCMGG00119;0;2
CMCMGG00049;0;2
CMCMGG00269;0;2
CMCMPP00001;0;2
CMCMPP00011;0;2
CMCMPP00003;0;2
CMCMPP00004;0;2
CMCMPP00014;0;2
CMCMPP00005;0;2
CMCMPP00006;0;2
CMCMPP00009;0;2
CMCMXGG00017;0;2
CMCMXGG00018;0;2
CMCMXGG00023;0;2
CMCMXGG00030;0;2
CMCMXGG00031;0;2
CMCMXGG00033;0;2
CMCMXGG00035;0;2
ACIMM00010;0;2
ACIMM00020;0;2
ACIMM00030;0;2
ACIMM00040;0;2
ACIMM00050;0;2
ACIMM00060;0;2
ACIMM00070;0;2
ACIMM00001;0;2
ACIMM00011;0;2
ACIMM00031;0;2
ACIMM00041;0;2
ACIMM00051;0;2
ACIMM00061;0;2
ACIMM00002;0;2
ACIMM00012;0;2
ACIMM00022;0;2
ACIMM00032;0;2
ACIMM00042;0;2
ACIMM00052;0;2
ACIMM00062;0;2
ACIMM00003;0;2
ACIMM00013;0;2
ACIMM00023;0;2
ACIMM00033;0;2
ACIMM00043;0;2
ACIMM00053;0;2
ACIMM00063;0;2
ACIMM00014;0;2
ACIMM00024;0;2
ACIMM00034;0;2
ACIMM00044;0;2
ACIMM00054;0;2
ACIMM00064;0;2
ACIMM00005;0;2
ACIMM00015;0;2
ACIMM00025;0;2
ACIMM00035;0;2
ACIMM00045;0;2
ACIMM00055;0;2
ACIMM00065;0;2
ACIMM00006;0;2
ACIMM00016;0;2
ACIMM00026;0;2
ACIMM00036;0;2
ACIMM00046;0;2
ACIMM00056;0;2
ACIMM00066;0;2
ACIMM00007;0;2
ACIMM00017;0;2
ACIMM00027;0;2
ACIMM00037;0;2
ACIMM00047;0;2
ACIMM00057;0;2
ACIMM00067;0;2
ACIMM00008;0;2
ACIMM00018;0;2
ACIMM00028;0;2
ACIMM00038;0;2
ACIMM00048;0;2
ACIMM00058;0;2
ACIMM00068;0;2
ACIMM00009;0;2
ACIMM00019;0;2
ACIMM00029;0;2
ACIMM00039;0;2
ACIMM00049;0;2
ACIMM00059;0;2
ACIMM00069;0;2
ACLUM00001;0;2
ACLUM00002;0;2
ACMQM00001;0;2
ACPTG00001;0;2
ACPSM00010;0;2
ACPSM00001;0;2
ACPSM00004;0;2
ACPSM00007;0;2
ACPTM00020;0;2
ACPTM00040;0;2
ACPTM00050;0;2
ACPTM00060;0;2
ACPTM00070;0;2
ACPTM00001;0;2
ACPTM00011;0;2
ACPTM00041;0;2
ACPTM00061;0;2
ACPTM00071;0;2
ACPTM00012;0;2
ACPTM00022;0;2
ACPTM00062;0;2
ACPTM00033;0;2
ACPTM00063;0;2
ACPTM00073;0;2
ACPTM00004;0;2
ACPTM00054;0;2
ACPTM00005;0;2
ACPTM00015;0;2
ACPTM00055;0;2
ACPTM00006;0;2
ACPTM00026;0;2
ACPTM00056;0;2
ACPTM00066;0;2
ACPTM00007;0;2
ACPTM00027;0;2
ACPTM00057;0;2
ACPTM00067;0;2
ACPTM00018;0;2
ACPTM00028;0;2
ACPTM00048;0;2
ACPTM00068;0;2
ACPTM00009;0;2
ACPTM00029;0;2
ACPTM00039;0;2
ACPTM00049;0;2
ACPTP00010;0;2
ACPTP00020;0;2
ACPTP00001;0;2
ACPTP00011;0;2
ACPTP00021;0;2
ACPTP00002;0;2
ACPTP00012;0;2
ACPTP00003;0;2
ACPTP00013;0;2
ACPTP00023;0;2
ACPTP00004;0;2
ACPTP00014;0;2
ACPTP00024;0;2
ACPTP00006;0;2
ACPTP00016;0;2
ACPTP00026;0;2
ACPTP00007;0;2
ACPTP00017;0;2
ACPTP00008;0;2
ACPTP00018;0;2
ACPI1,2X1000001;0;2
ACSUM00001;0;2
CMSUM00001;0;2
ACBNM00011;0;2
ACBNM00021;0;2
ACBNM00032;0;2
ACBNM00034;0;2
ACBNM00006;0;2
ACBNM00026;0;2
ACBNM00018;0;2
ACBNM00019;0;2
CMBLG00064;0;2
CMBLG00066;0;2
CMBYGG00001;0;2
CMBYGG00011;0;2
CMBYGG00002;0;2
CMBYGG00004;0;2
CMBYGG00005;0;2
CMBYGG00006;0;2
CMBYGG00008;0;2
CMBYGG00009;0;2
ACCHG00001;0;2
ACCOM00001;0;2
ACCTM00001;0;2
ACCNU00010;0;2
ACCNU00040;0;2
ACCNU00050;0;2
ACCNU00060;0;2
ACCNU00001;0;2
ACCNU00041;0;2
ACCNU00051;0;2
ACCNU00061;0;2
ACCNU00002;0;2
ACCNU00042;0;2
ACCNU00052;0;2
ACCNU00062;0;2
ACCNU00003;0;2
ACCNU00043;0;2
ACCNU00053;0;2
ACCNU00004;0;2
ACCNU00054;0;2
ACCNU00005;0;2
ACCNU00045;0;2
ACCNU00055;0;2
ACCNU00006;0;2
ACCNU00046;0;2
ACCNU00056;0;2
ACCNU00037;0;2
ACCNU00047;0;2
ACCNU00057;0;2
ACCNU00038;0;2
ACCNU00048;0;2
ACCNU00058;0;2
ACCNU00039;0;2
ACCNU00049;0;2
ACCNU00059;0;2
CMCMG00410;0;2
CMCMG00423;0;2
CMCMG00033;0;2
CMCMG00414;0;2
CMCMG00397;0;2
CMCMG00418;0;2
CMCMM00382;0;2
CMCMM00404;0;2
CMCMM00397;0;2
CMCMM00398;0;2
CMCMP00341;0;2
CMCMP00335;0;2
CMCMU00001;0;2
CMCMGG00321;0;2
CMCMGG00324;0;2
CMCMGG00308;0;2
CMCMXGG00039;0;2
CMCMXGG00040;0;2
CMCMXGG00041;0;2
CMCMXGG00044;0;2
CMCMXGG00045;0;2
ACIMM00021;0;2
ACIMM00071;0;2
ACIMM00004;0;2
ACMQM00002;0;2
CMMCU00040;0;2
CMMCU00033;0;2
CMMCU00037;0;2
CMMCU00028;0;2
ACPIM00001;0;2
ACPSM00011;0;2
ACPSM00012;0;2
ACPSM00013;0;2
ACPSM00014;0;2
ACPSM00015;0;2
ACPSM00016;0;2
ACPSM00017;0;2
ACPSM00018;0;2
ACPTP00030;0;2
ACPTP00040;0;2
ACPTP00031;0;2
ACPTP00032;0;2
ACPTP00033;0;2
ACPTP00034;0;2
ACPTP00035;0;2
ACPTP00036;0;2
ACPTP00037;0;2
ACPTP00039;0;2
CMCMG00315;0;2
CMCMP00234;0;2
CMCMP00276;0;2
CMCMP00068;0;2
CMCMGG00146;0;2
CMMCU00034;0;2
CMBLGG00011;0;2
CMCMG00321;0;2
CMCMGG00176;0;2
CMCMGG00257;0;2
CMCMG00242;0;2
CMCMM00233;0;2
CMCMG00215;0;2
CMCMM00246;0;2
